{"cameraMode":{"drawMode":0,"name":"Shaded","section":"Shading Mode"},"sceneLighting":true,"audioPlay":false,"sceneViewState":{"showFog":true,"showMaterialUpdate":false,"showSkybox":true,"showFlares":true,"showImageEffects":true,"showParticleSystems":true},"in2DMode":false,"pivot":{"x":130.68572998046876,"y":291.24639892578127,"z":37.576656341552737},"rotation":{"x":-0.021605433896183969,"y":0.014993627555668354,"z":-0.0003238633507862687,"w":-0.9996553659439087},"size":200.1649627685547,"orthographic":false}